bfs_nr_gemeinde;gemeinde_name;jahr;selbstfinanzierungsgrad_in;selbstfinanzierungsanteil_in;zinsbelastungsanteil_in_%;kapitaldienstanteil_in;investitionsanteil_in;bruttoverschuldungsanteil_in;nettoschuld_nettovermogen_pro_einwohner_in_chf;nettoverschuldungsquotient_in;bilanzuberschussquotient_in
4551;Aadorf;2024;163.810552087531;20.2042093556418;0.630653573002573;6.8119551278279;14.0133696233957;141.03617916616;1415.94885488343;105.814086370629;128.371811909011
4711;Affeltrangen;2024;80.364167688128;9.30110401391352;0.390670841888967;9.12487982022053;12.7092384716116;77.5718655036107;-683.624432809773;-68.8271526846534;122.995892686959
4461;Amriswil;2024;125.504254769554;5.04673725974663;0.920356282463289;5.99343429710149;5.92926667834605;180.054553722209;1620.85018549747;145.3620839566;120.316370020369
4401;Arbon;2024;783.794019379031;26.4763106626705;0.431808698243053;4.45022236562614;4.57364998552012;86.7265820894408;-1812.38575923983;-128.601808775812;141.296386673322
4536;Basadingen-Schlattingen;2024;521.082103298377;5.93464115908561;-0.154988931759557;5.54463742771519;5.91316981255276;57.6766658732128;-95.2857142857143;-10.0307256417108;242.252062072952
4891;Berg;2024;96.867959901156;12.8417223019745;0.552553131326023;4.43549996596195;13.5007146293277;69.6493874286519;-1214.73910598819;-119.360949975511;147.816623742703
4801;Berlingen;2024;170.692128570835;9.04816441088762;-0.104901302587265;3.61835102352702;11.8850628036042;38.0995989844433;-2869.98429319372;-69.1411052849587;88.5107860058656
4721;Bichelsee-Balterswil;2024;69.6924908950891;6.46423114236589;0.489011908191586;7.16047334153839;15.8959668021098;119.861257529123;398.324261533355;35.8719294129251;71.8383993567777
4643;Bottighofen;2024;984.70151801361;27.0015879505889;0.772538429558784;7.94444388393555;3.54670267800712;68.9625525041636;-3241.30011156564;-193.833303718187;356.382049173893
4726;Fischingen;2024;109.778762992765;8.8248396887462;-0.0575704754243665;6.73249036013749;12.6410993498651;39.090084715797;-922.708514190317;-80.2419530461031;147.06138896519
4656;Güttingen;2024;29.6796510822382;6.18671589287666;1.51008273268478;10.9266003411273;24.6484853700006;86.2304100148407;986.522253521127;70.7232109753073;273.037709040299
4486;Hauptwil-Gottshaus;2024;-86.5227431505553;-6.74931066614443;0.170954259265772;4.34736037012886;7.20335593774692;79.5737926886689;198.991834774256;19.419060725314;174.012644154422
4416;Hefenhofen;2024;423.291312985371;16.2139314386028;0.681966853837444;3.98316237812039;9.96862464988577;46.4828475356907;-1628.4777607362;-111.118000819439;129.896031684984
4811;Herdern;2024;236.361998263614;15.3471347436814;0.673879724151428;3.5870170637961;7.38169632420632;99.2431663682537;-703.163511187608;-52.8707027137554;130.742586333968
4421;Horn;2024;251.777684933868;21.8204330602494;1.03936485509586;9.31423897947376;10.0736619848473;142.058554414344;1176.3040025413;90.1248116216311;74.4026409965849
4671;Kreuzlingen;2024;106.622402094146;12.4612189221453;0.582906214029626;6.50941002527994;16.8954469578561;97.3913945338569;-1077.2044534413;-61.1331776837419;227.351522750761
4681;Langrickenbach;2024;40.0394131530847;8.67181556228387;0.784322962883794;4.58570000182818;19.2901958930074;107.358359789928;1659.47466666667;148.202137882337;94.5676545570806
4741;Lommis;2024;35.4381018209795;13.0309170309588;0.700493431917704;8.97787823155732;32.2665704208942;108.73244285756;746.012917933131;61.4163342239483;297.574257704466
4601;Neunforn;2024;86.4429096176729;14.3025959195972;0.231078445974981;3.30982744658959;16.4547570797212;32.2622768975018;-2251.0027173913;-192.522917762554;174.119448935592
4841;Pfyn;2024;415.479613676653;13.6682542620588;0.594026847064418;7.91403852631567;15.4020273207121;56.6874511894585;290.193232413179;22.6476971606202;87.5098075598652
4851;Salenstein;2024;24.7615496566074;1.36941998109273;-0.540637190378845;3.21234650482939;8.07425252640751;49.6517629631693;-2479.04837595024;-61.8548507799832;172.043171690098
4756;Schönholzerswilen;2024;684.04503536906;9.67888665475009;0.109424414927261;3.78474291071428;2.11195139637344;101.759447582036;137.44059976932;13.0667444494764;213.943774871401
4761;Sirnach;2024;125.547344460237;4.19033953509522;0.16734315036368;2.61120368321675;10.8734615524722;36.2712818647668;-1111.58779377384;-35.2627678840623;61.1360702785759
4871;Wagenhausen;2024;51.8434724317077;6.23330067407518;1.98256732909473;9.49969970121244;15.4554408504032;115.425849503228;-2991.05782869613;-274.612669848254;517.642580371132
4781;Wängi;2024;133.641104142337;13.5340743149018;1.23575442310379;7.01790154969593;10.6273562482784;74.1470306463977;-362.693288189604;-32.2052973796411;97.1691755059193
4791;Wuppenau;2024;750.9;3.5926997718579;-0.615170293203662;-0.615170293203662;0.521099763681257;22.5447984855389;-1963.94846217789;-180.785664657793;91.3855875268198
4641;Altnau;2024;-241.09126670093;-16.2807524369754;0.709377168767277;9.5530419454828;9.21605686719722;57.7104106025887;-2220.08340461933;-164.379117153676;205.604411856453
4471;Bischofszell;2024;166.977042630497;13.1190122927525;0.639882441442947;14.1371923700717;9.84382913463391;80.9486524829605;-826.519088766693;-68.5576692138209;47.1763259964676
4723;Braunau;2024;-1.47847507331378;-0.176345621748435;-0.382688467634338;2.95601377185992;13.2626158091859;23.7447038880414;-2955.64214046823;-299.988797990427;61.6428482523734
4911;Bürglen;2024;108.928651232276;18.6174392344767;0.148325842074079;11.6472885674772;18.7621611390763;106.076096465396;754.78918135716;72.4414336051293;120.184103723306
4406;Dozwil;2024;100.0;5.94644639248054;-0.155219364844389;-0.155219364844389;0.0;127.849161588199;-5225.59172413793;-652.355402496771;331.684373654757
4411;Egnach;2024;195.196244621202;14.043138412741;0.567386265619326;7.6135680792734;7.86870582727324;192.100916130622;3123.69283209973;238.303285329041;165.061557198296
4476;Erlen;2024;80.1326434986998;11.390229907357;0.650832636181015;3.95671865664218;18.0732822380342;115.117888547737;413.254310344828;41.9824608039202;90.2717375065554
4806;Eschenz;2024;29.6202194491091;3.50040021787591;0.210498618602815;3.33308332523881;10.834075982162;30.4069131808719;-2225.63479623824;-201.119648737651;280.894255397
4724;Eschlikon;2024;20.2514613158201;6.08054666616124;0.809476594187973;10.5912092961016;25.8635345142698;70.257572233612;307.34134319162;26.9322362550559;164.320575400975
4651;Gottlieben;2024;10.1318698071499;0.546881557271155;-0.0595266503957197;2.07528631874489;5.49672475818014;31.0389455218895;-5215.38775510204;-237.38867914513;292.068102950641
4590;Hüttlingen;2024;292.783916297183;25.526712798352;3.40563430521853;17.0002732557854;10.8280815999653;175.615153636181;4409.34994462901;414.981854641189;237.972576640951
4666;Kemmental;2024;281.466152937393;26.7985775196872;1.29411549417771;6.43619883005264;12.1554686112833;148.761958044018;2948.49875311721;221.235867084772;265.263895946566
4501;Kradolf-Schönenberg;2024;131.799594890243;7.08035877224282;0.549979435693644;6.4148923710509;5.31758202827373;69.6014607849782;860.892450879007;84.3809881950361;58.8134827861803
4826;Mammern;2024;-562.523306401492;-3.1069053679708;1.53193611372982;2.99025715968166;0.907149304197673;105.684813895274;2396.19109195402;72.3568318730354;26.645248482035
4941;Märstetten;2024;42.4945266605945;6.21389329330739;0.337737989429497;6.68556871170339;18.3459923476388;205.558609307665;110.311640389131;8.40248978559328;102.544517948993
4591;Matzingen;2024;102.866715729945;11.3660119986721;1.21604500336609;7.88894216496241;11.4470105583084;115.99802659669;-216.096166134185;-19.0319703313524;144.471428732217
4431;Roggwil;2024;630.557966085794;38.8454800712213;0.0742211765776786;3.77399195694937;9.4415758620556;49.8918088072563;-2020.39180087848;-181.606315809422;289.403136637233
4436;Romanshorn;2024;62.5207468818894;6.40794098638683;0.0578611930634541;4.28223568300257;10.0187775089291;135.914664436106;-429.676348195329;-28.4000893635485;85.4305027204801
4441;Salmsach;2024;66.6767711947388;12.232567987016;0.631482889389446;11.8875309443599;17.3489537262005;57.3650931197206;-2028.5126465145;-104.836037219416;125.862902852989
4864;Steckborn;2024;254.234444566107;10.095927577266;0.396004710225195;6.15392189333483;6.62220384156873;135.008533784713;541.259636906242;36.188855374608;153.334691271396
4506;Sulgen;2024;512.949457544644;16.7199445597344;0.55122044697966;7.31385349249433;5.54003105780997;60.0331129069807;263.04176784847;24.2393795540892;107.266649152589
4616;Uesslingen-Buch;2024;194.405233696462;17.4811896840912;3.438364061885;11.6831864275017;9.5916962299111;156.480124303662;3174.9525483304;239.498028651502;206.540183957174
4451;Uttwil;2024;137.61052433551;13.6727613551931;-0.87800987691573;1.07670086181019;10.3768483066751;32.0330343313524;-3555.107386066;-232.391865548497;113.92050114215
4701;Wäldi;2024;1515.469237539;14.0275918147295;-0.229425739524027;1.37877611957984;1.07637630025895;77.101440962987;-168.885714285714;-14.1898984549645;292.254235771583
4951;Wigoltingen;2024;252.6690418302;18.1048555415451;0.122436618421667;10.0698353537357;8.07978146050673;78.7993257299099;1316.01640595193;111.322115097563;195.120490229523
4511;Zihlschlacht-Sitterdorf;2024;364.798982522121;18.7499941466148;0.323387823198173;5.29301484174975;9.42638016488848;66.1206960972506;-271.909266409266;-21.851242326025;93.6932693662179
4881;Amlikon-Bissegg;2024;265.55915917859;18.4030683363983;0.122158395075775;7.73737094059442;10.4237131750383;107.662354999115;960.614010007148;73.3004765434483;230.163722155043
4716;Bettwiesen;2024;-26.3479995583762;-5.63103470440678;1.10248918462178;6.03769455272705;17.3521701030196;116.895239974029;2977.45338345865;243.261225455115;35.8301722787543
4901;Birwinken;2024;40.1918583509594;12.2106933878399;1.01098911180744;11.7940574620416;25.7095119173934;67.936754995976;928.164084507042;85.2589252272667;140.793830791832
4921;Bussnang;2024;8.36749877732802;1.37821815438743;1.68775485413233;6.93121828014742;13.575694391838;75.9991449563714;1258.28896604938;126.781617416683;92.7266316867261
4545;Diessenhofen;2024;30.2804880062074;1.80950343969223;1.39452261617865;4.5741612482257;8.00174106094174;76.0467752298238;576.32317816232;53.8657705492675;77.2763212655593
4646;Ermatingen;2024;86.4008134208265;6.25836307149262;0.654975251511011;8.69101174263807;6.99147196769537;103.986620805879;1562.01859723698;106.453895444315;159.161704076958
4561;Felben-Wellhausen;2024;2.58776589977666;0.213954747513139;0.120136648490493;36.8174993254527;7.66650718673748;26.0936681662248;-3234.16153127918;-301.08480642261;116.244831305937
4566;Frauenfeld;2024;312.006167949466;18.7075040645228;1.23486677495391;5.89928040822356;7.98931653527726;123.323750060079;-1245.73600268928;-65.7801063287029;170.640734611437
4571;Gachnang;2024;50.376873027199;6.77476426182299;-3.13075749805722;2.89297870491268;13.1983271642669;40.0019449243782;-535.35146898803;-48.3341218929833;268.776358457734
4495;Hohentannen;2024;83.7522492127755;2.07076858054093;1.20399180284565;4.22092276378682;2.65959992343032;129.606008940384;1786.88361408882;148.833652641756;212.19014115048
4816;Homburg;2024;20.7644838782857;2.4541106814317;0.00503735087342518;10.0611875635932;10.8845378350794;40.8177469283018;-2359.20114576703;-172.825738750581;297.736989824824
4821;Hüttwilen;2024;1328.29139361713;37.5310772502864;0.76991618000677;7.00844538260836;4.38558975613244;44.416084420215;-1091.96985210466;-81.6565663783969;142.345921155223
4426;Kesswil;2024;100.0;4.93680156596703;0.0460861717603051;3.12078928492422;0.0;65.6907235493308;-1359.581;-94.5734293363977;182.002764342898
4683;Lengwil;2024;26.047986389904;6.35701104984513;-1.00360273280464;-0.29829639067683;21.0426724311424;80.6675139253082;-175.297312430011;-15.0311299140999;195.219080851358
4831;Müllheim;2024;91.2147858510327;36.7355084756155;0.339750166569246;4.712080460099;39.3039711614735;55.0205969307797;-1422.13846153846;-128.949370897155;118.253145514223
4746;Münchwilen;2024;260.900657601577;15.460531974898;1.08273622526559;11.7431826778207;7.05467356677432;109.809844492443;474.174389216512;39.5722349986606;80.1113108625818
4691;Münsterlingen;2024;503.958650503236;30.4881415636732;0.816446528607648;4.70218984171212;8.1435361107857;91.1004695815241;-1034.4805838612;-105.927150459628;485.931273390654
4846;Raperswilen;2024;146.228063446606;15.4046383167089;3.56399212371478;6.33173598821251;30.1164368404464;143.317741240684;1577.2654028436;124.72823693654;463.771421075809
4751;Rickenbach;2024;100.0;9.99878557010385;1.29201761556026;9.32373537649719;1.98765188009262;75.3973118607704;368.4125;39.030256818082;103.872762590861
4546;Schlatt;2024;215.031576962956;10.7583275209399;-0.0362891416945968;2.68666978861752;5.28515106196216;39.2510715486548;-954.721688034188;-77.3254676981119;144.528018621394
4446;Sommeri;2024;100.0;18.0502114718068;-0.261847654109695;-0.193310472625636;;39.0238510231784;-2199.62331838565;-189.30363234999;159.745442195773
4606;Stettfurt;2024;-206.766116585342;-69.7904125298259;0.407791326583542;17.5425413497153;16.3815273127185;216.935048241401;1917.0407523511;120.265808172087;202.400110523966
4696;Tägerwilen;2024;48.8531573240125;8.13428644899043;0.856987875617614;5.76019135811245;19.1333873755124;140.574566736254;1040.68322866642;98.178740871095;223.022867067321
4611;Thundorf;2024;136.482195193842;7.13761570886229;1.04154336070277;7.11178871424321;5.38316800114962;164.6061402638;1711.8987854251;145.6434740805;168.239700079664
4776;Tobel-Tägerschen;2024;-125.224846723173;-4.18830159810644;1.77834806453078;9.1763753574686;4.93040777419289;250.44621789154;6042.44690781797;266.800056983272;40.3779031650189
4621;Warth-Weiningen;2024;-94.8977390093529;-16.5160091218184;1.8372568051254;7.35173102001588;13.0932687894308;105.784508916551;64.8578231292517;3.38612902103043;135.38109001383
4946;Weinfelden;2024;64.5418862571991;3.76168097958497;0.232849760666436;4.56617445288769;6.79073944585985;78.0427950007951;-165.056967643024;-11.3417250580448;33.4268537963059
4786;Wilen;2024;1247.28488982162;13.1989956365618;1.1302558702378;9.59873117454724;1.52752626673757;90.8727220834;535.203875656036;56.9727719400181;133.457203379087
4551;Aadorf;2023;102.29991;19.875265;0.546643;6.2771402;20.374999;155.21027;1617.037;130.2036;115.17607
4401;Arbon;2023;187.23795;13.134675;0.5438123;5.4748803;8.3460154;102.95471;-973.0602;-75.47181;106.73597
4716;Bettwiesen;2023;43.112448;5.4576177;-0.33571;4.3583015;13.658512;119.46628;2204.144;203.16992;55.145836
4721;Bichelsee-Balterswil;2023;163.32671;13.352503;0.5760655;8.0269973;10.171765;111.15205;435.69557;41.829481;77.125964
4901;Birwinken;2023;46.988836;13.67405;0.4599982;10.419575;26.15613;61.525516;448.78305;40.968572;140.28634
4471;Bischofszell;2023;108.57802;10.213036;0.2453349;10.654248;11.580118;79.184843;-565.5923;-50.19074;54.334938
4723;Braunau;2023;-80.38324;-8.264201;-0.399619;2.7108076;8.8651569;30.814302;-3496.463;-363.4511;51.285481
4911;Bürglen;2023;212.70003;12.757968;0.4213988;10.999278;8.5008498;107.44722;732.22378;69.640585;116.29755
4806;Eschenz;2023;-69.06772;-8.191603;0.2763564;3.8067674;16.075581;37.627913;-2546.847;-256.8466;316.62961
4726;Fischingen;2023;46.332547;9.2002768;0.0340886;7.2259226;18.55767;59.262497;-859.8255;-77.24737;148.79969
4571;Gachnang;2023;180.30946;27.464048;-15.21378;-9.785817;18.029402;33.884281;-561.4528;-56.76178;291.0363
4651;Gottlieben;2023;196.31071;9.4116006;-0.077465;1.5343833;4.9453752;55.317376;-6048.825;-367.5811;394.97547
4656;Güttingen;2023;59.351544;13.613716;1.9411531;9.0341608;27.06188;99.989723;265.81445;19.94685;308.84275
4486;Hauptwil-Gottshaus;2023;59.534596;6.8326596;0.0266017;3.25714;11.035179;80.224287;-197.6665;-19.24267;177.02489
4495;Hohentannen;2023;-36.81151;-4.115976;1.276622;10.859675;13.802793;136.80998;1991.3258;192.94439;230.58776
4816;Homburg;2023;45.005256;6.1698762;0.1407135;9.1093018;12.996732;50.369893;-2674.203;-206.1952;328.30448
4590;Hüttlingen;2023;277.4248;33.195971;3.0184341;15.364016;15.218177;193.79123;4879.8581;505.57149;252.50267
4666;Kemmental;2023;90.593963;12.952789;2.0698847;8.1754382;13.779031;172.0615;3711.5317;305.69681;233.92954
4426;Kesswil;2023;7.8684203;1.4909511;-0.046511;3.4668752;17.696769;84.184646;-1202.776;-96.01795;198.13301
4501;Kradolf-Schönenberg;2023;26.789953;1.4973718;0.5814703;6.5152579;6.2237818;75.285447;301.96644;30.449364;60.285706
4826;Mammern;2023;17.175548;0.5340265;0.7087651;1.9544966;7.5226434;109.86195;1686.6968;64.970212;44.174729
4941;Märstetten;2023;150.56849;27.139965;-0.059472;5.8400214;25.133062;124.64303;-52.84259;-3.961204;104.01487
4591;Matzingen;2023;-21.81393;-1.165001;0.5778387;8.0852038;5.0629858;139.55381;-276.5297;-25.78339;136.06367
4831;Müllheim;2023;256.34124;14.538273;0.4862374;6.3279314;6.2958609;38.88815;-1474.699;-149.5375;84.141815
4691;Münsterlingen;2023;24.229441;4.6312798;0.4945851;6.5024976;17.001825;89.761012;-389.7326;-40.00994;369.64215
4846;Raperswilen;2023;-3.934221;-0.955862;2.7262339;5.7732303;19.565813;145.89663;1581.0214;146.14819;503.85807
4431;Roggwil;2023;50.913711;8.5069437;-0.064127;5.1489603;15.988065;64.784129;-974.805;-85.4439;183.35391
4851;Salenstein;2023;138.69814;8.6076961;-0.109849;3.4061967;18.02468;54.747038;-2594.699;-63.94442;170.55237
4546;Schlatt;2023;-59.02643;-2.491088;0.189129;3.1882971;4.010858;28.469693;-1259.902;-132.3241;171.20949
4761;Sirnach;2023;32.708061;4.4004017;-0.032519;2.8839377;27.366186;36.084738;-1215.694;-39.73999;63.008555
4446;Sommeri;2023;375.55334;10.334096;-0.040275;2.7897201;3.0970923;35.316911;-1624.904;-196.5795;178.46516
4616;Uesslingen-Buch;2023;47.805167;10.930933;3.9496612;14.007811;23.055117;187.54786;3030.2173;261.43455;202.90403
4621;Warth-Weiningen;2023;100.0;2.599954;0.899297;5.2312926;49.104386;97.716465;-1689.543;-84.04283;152.31536
4951;Wigoltingen;2023;511.37518;18.188776;0.1705283;10.152088;4.2865506;81.898379;1569.8301;129.2416;173.68467
4786;Wilen;2023;191.37642;8.9164149;1.0921265;9.5588916;6.299264;103.01379;873.51939;99.467122;131.04427
4641;Altnau;2023;311.96544;20.428309;0.8579889;12.334803;7.6729517;67.633753;-3052.51;-213.4345;195.91865
4881;Amlikon-Bissegg;2023;64.653264;16.084325;0.052033;6.9152639;25.116523;104.40913;1318.187;99.518565;213.22612
4801;Berlingen;2023;203.14863;14.170897;-0.070673;4.1412346;13.285534;49.628243;-2260.012;-74.10207;111.66522
4643;Bottighofen;2023;493.97624;5.8851765;0.2704046;9.6971958;1.2322767;69.118001;-2112.304;-125.2791;315.03841
4646;Ermatingen;2023;88.214339;9.3287324;0.7860529;9.6609349;11.60581;75.380551;1304.9394;98.828417;179.97788
4561;Felben-Wellhausen;2023;271.68369;12.681953;-0.032151;5.2781445;7.6377919;28.15196;-3316.33;-319.1716;183.20676
4811;Herdern;2023;497.62511;17.879019;0.6549636;3.3482441;4.3130022;87.863226;-1043.004;-75.01395;126.36375
4683;Lengwil;2023;365.37582;36.209827;0.0237274;0.6109394;13.957612;64.549785;-855.781;-73.14911;188.52913
4746;Münchwilen;2023;64.884498;11.07796;0.6356298;11.13114;28.585296;108.11951;684.58018;55.984689;78.652867
4606;Stettfurt;2023;51.396083;41.188182;0.1204066;7.9575232;56.918612;95.919705;1378.764;101.28777;331.72109
4506;Sulgen;2023;68.950186;10.826658;0.739581;7.6142231;21.663047;63.653176;450.98662;46.129887;91.862285
4696;Tägerwilen;2023;53.013871;8.7472061;0.4919871;6.6656964;14.797919;125.79094;729.6157;72.090954;233.4511
4451;Uttwil;2023;53.077217;18.032238;-0.383305;0.8506483;29.608308;35.802231;-3427.835;-212.8088;108.02465
4871;Wagenhausen;2023;487.84445;48.032702;1.1897866;5.8068021;19.053984;86.488728;-3235.759;-281.9349;498.54966
4701;Wäldi;2023;692.54172;20.280152;-0.208536;1.4123477;6.6082124;70.075323;-232.1226;-20.40582;281.47002
4946;Weinfelden;2023;-5.379171;-0.526106;0.1774046;5.8694513;10.21348;72.029254;-186.3492;-13.34833;36.896342
4711;Affeltrangen;2023;14.406;2.9771296;0.2129256;9.9690876;19.724805;71.456188;-781.8718;-87.66949;145.58976
4461;Amriswil;2023;89.318589;10.763065;1.0346087;6.8959607;14.9528;194.28061;1779.4958;176.66518;111.71536
4536;Basadingen-Schlattingen;2023;53.565649;6.0094371;-0.053263;4.6866018;14.465504;64.248154;176.42631;17.129304;228.2143
4891;Berg;2023;84.26734;13.291771;0.4413742;5.5029945;16.789824;74.826765;-1278.647;-131.5307;155.85676
4921;Bussnang;2023;-84.51729;-15.69709;1.4829235;7.3214329;12.88064;77.914423;689.19743;100.25547;126.46978
4545;Diessenhofen;2023;4.0451725;0.4190572;1.064962;4.5115032;11.257907;75.580981;266.28015;26.52584;72.152964
4406;Dozwil;2023;229.20245;14.807951;0.004364;0.004364;12.577864;114.09996;-5132.645;-655.4303;338.4561
4411;Egnach;2023;109.52544;13.001907;0.55017;7.6829955;12.860707;179.94227;3219.0989;259.32908;165.17362
4476;Erlen;2023;42.674476;6.0217935;0.562676;3.7082824;16.893509;88.907438;441.75657;48.505018;98.18985
4724;Eschlikon;2023;206.3446;21.225064;0.5482952;8.1653763;14.499471;54.061279;-136.2956;-12.44338;178.21211
4566;Frauenfeld;2023;43.199674;13.168456;1.1398652;5.9657605;26.711168;132.7447;-766.2905;-42.25232;167.30857
4416;Hefenhofen;2023;1985.6624;36.987318;0.5364739;3.7073667;27.367955;57.149028;-1293.329;-87.33382;117.96223
4421;Horn;2023;40.564326;14.326781;0.8916873;10.951457;30.755504;161.90438;1594.5059;137.24532;56.99035
4821;Hüttwilen;2023;48.692469;10.059362;1.0725695;7.6224245;18.938656;57.184786;-19.64777;-1.472807;140.96945
4671;Kreuzlingen;2023;85.893632;19.505944;0.4274245;8.1397594;25.659862;60.007927;-1054.258;-66.01439;227.9298
4681;Langrickenbach;2023;43.940185;16.108812;0.4439088;4.5266958;30.719916;68.825843;325.2168;29.217846;95.123379
4741;Lommis;2023;79.332571;55.129811;0.1661352;2.8339978;67.964368;44.463726;106.11208;9.4472033;320.90999
4601;Neunforn;2023;-4.066691;-0.853641;0.1597264;1.6100362;17.732157;41.247251;-2700.24;-258.9026;187.62268
4841;Pfyn;2023;58.313462;7.6480816;0.3422355;7.5853148;17.971583;51.269269;248.62528;21.297885;92.247021
4751;Rickenbach;2023;56.48082;20.565475;0.5617998;7.6415892;31.178409;87.02093;529.51114;58.817762;107.35682
4436;Romanshorn;2023;128.80028;8.809398;0.5380015;6.2179923;8.1897231;145.36385;-665.2969;-44.6898;86.231887
4441;Salmsach;2023;100.0;10.248376;-0.055378;5.1059258;0.0;56.911901;-1705.776;-94.98921;139.31346
4756;Schönholzerswilen;2023;464.94223;7.9398978;-0.018661;3.0633479;2.5360294;91.176517;-21.79865;-2.217589;204.88272
4864;Steckborn;2023;195.25534;13.8409;0.5563087;7.1476575;8.654996;144.43981;733.31934;54.451183;160.28734
4611;Thundorf;2023;100.0;24.178658;0.7088551;6.3619835;3.4934386;115.22136;1802.1731;179.32918;207.6721
4776;Tobel-Tägerschen;2023;-3.394808;-0.329344;1.4289032;7.7249926;14.85767;280.5856;6569.3659;289.39432;61.639507
4781;Wängi;2023;89.892475;17.380043;0.5941941;8.075398;19.067987;65.353604;-396.1217;-36.83185;91.542222
4791;Wuppenau;2023;-5970.015;-13.58802;-0.479288;-0.479288;0.2237907;18.424179;-1993.493;-197.3221;97.641375
4511;Zihlschlacht-Sitterdorf;2023;161.64255;22.157533;0.9171329;7.468583;31.640278;64.983035;159.64269;13.184619;75.520233
4711;Affeltrangen;2022;444.8;7.2;0.1;7.7;3.8;71.4;-1415.2;-171.5;66.4
4461;Amriswil;2022;207.2;17.6;1.2;6.0;10.6;220.6;1811.8;162.5;102.4
4716;Bettwiesen;2022;82.0;11.1;0.0;4.0;19.5;122.7;1756.0;132.9;47.8
4590;Hüttlingen;2022;530.7;32.0;1.1;15.1;8.3;222.9;5718.6;585.9;245.4
4826;Mammern;2022;100.0;-6.8;0.3;1.5;1.3;83.4;1140.7;43.8;46.4
4691;Münsterlingen;2022;153.2;12.8;-0.3;5.9;8.9;103.6;-607.4;-55.4;311.1
4451;Uttwil;2022;100.0;21.7;0.0;1.1;0.0;54.1;-3800.8;-274.2;122.3
4871;Wagenhausen;2022;169.8;18.1;2.4;11.6;20.1;135.4;-1670.4;-165.9;235.5
4701;Wäldi;2022;490.9;18.4;-0.2;1.3;4.4;100.4;30.0;2.4;223.5
4551;Aadorf;2022;139.1;15.4;0.6;7.9;13.9;169.9;1666.0;147.6;96.8
4536;Basadingen-Schlattingen;2022;80.7;12.0;-0.3;4.4;17.5;92.8;286.6;28.6;232.6
4646;Ermatingen;2022;241.9;13.6;0.4;8.2;7.2;98.2;997.3;67.2;159.0
4495;Hohentannen;2022;-70.6;-7.4;0.8;3.1;9.2;140.8;1576.7;154.9;252.4
4666;Kemmental;2022;44.8;22.7;0.5;6.4;40.7;188.9;4294.4;352.6;220.2
4941;Märstetten;2022;70.0;10.3;-0.1;6.5;17.4;136.1;361.9;29.1;101.7
4591;Matzingen;2022;266.4;19.1;0.3;7.2;8.2;165.5;-399.0;-35.4;142.9
4841;Pfyn;2022;210.5;15.4;0.1;7.4;8.3;54.1;22.5;2.0;93.3
4546;Schlatt;2022;433.1;4.7;0.0;3.0;3.5;41.3;-1686.7;-173.6;179.0
4761;Sirnach;2022;409.6;10.5;0.0;2.1;7.9;33.6;-1592.3;-51.5;63.0
4446;Sommeri;2022;100.0;16.8;-0.1;6.5;0.0;46.3;-1576.7;-180.8;183.0
4621;Warth-Weiningen;2022;15.2;6.0;0.0;5.1;31.3;36.9;-2897.5;-147.1;156.0
4946;Weinfelden;2022;102.2;6.1;0.0;4.5;6.2;79.1;-462.6;-33.3;49.0
4641;Altnau;2022;2048.1;49.3;0.4;8.9;4.6;57.5;-2626.6;-194.2;200.0
4881;Amlikon-Bissegg;2022;210.3;29.7;0.3;7.1;16.6;96.0;1164.4;81.3;182.7
4724;Eschlikon;2022;919.0;29.0;0.2;7.4;8.1;82.1;120.8;11.1;180.9
4421;Horn;2022;107.8;7.8;0.2;10.5;17.5;169.1;1560.5;137.3;54.9
4501;Kradolf-Schönenberg;2022;270.0;12.6;0.2;6.0;9.1;81.1;500.3;48.5;70.4
4681;Langrickenbach;2022;143.6;22.8;0.6;3.4;21.8;92.4;24.2;2.1;92.8
4506;Sulgen;2022;47.5;12.5;0.7;6.9;28.2;76.1;19.6;2.1;92.7
4721;Bichelsee-Balterswil;2022;32.9;8.9;0.5;7.0;23.5;131.4;393.7;39.4;70.8
4471;Bischofszell;2022;241.0;19.9;0.3;11.1;15.1;96.7;-647.0;-50.9;52.0
4411;Egnach;2022;120.4;14.6;0.3;7.7;12.8;208.6;3248.3;274.0;163.7
4416;Hefenhofen;2022;21.4;8.1;0.1;7.1;35.6;67.3;55.3;4.2;120.6
4811;Herdern;2022;100.0;10.1;0.9;4.4;3.0;110.2;-761.6;-62.4;147.1
4821;Hüttwilen;2022;64.6;12.0;0.3;7.6;17.5;51.0;-365.4;-32.5;154.3
4683;Lengwil;2022;135.0;4.2;-0.2;1.4;4.3;87.8;-382.1;-33.8;128.4
4511;Zihlschlacht-Sitterdorf;2022;96.0;10.7;0.1;7.0;11.8;72.6;550.9;47.2;63.2
4901;Birwinken;2022;35.0;12.2;0.0;9.2;28.3;32.1;54.3;4.8;130.8
4406;Dozwil;2022;292.2;25.0;-0.1;-0.1;10.4;140.6;-5103.4;-627.8;308.6
4806;Eschenz;2022;343.3;33.7;0.2;2.1;14.1;29.7;-3568.4;-335.8;308.4
4561;Felben-Wellhausen;2022;56.3;4.1;0.2;4.0;8.2;37.3;-3187.6;-310.5;172.3
4571;Gachnang;2022;61.4;15.4;-0.1;16.1;26.7;42.5;-481.4;-47.8;250.3
4671;Kreuzlingen;2022;68.3;13.3;0.1;6.4;18.9;69.7;-1237.5;-73.9;179.8
4431;Roggwil;2022;397.5;9.1;-0.1;4.9;2.4;52.9;-1048.9;-89.3;171.4
4756;Schönholzerswilen;2022;100.0;7.8;0.2;3.4;6.7;96.2;-12.7;-1.4;211.9
4606;Stettfurt;2022;242.3;18.7;0.9;14.0;13.2;91.6;1550.2;114.0;249.0
4696;Tägerwilen;2022;295.3;12.5;0.0;5.7;8.4;138.0;407.6;39.5;227.3
4776;Tobel-Tägerschen;2022;38.2;3.2;1.6;8.6;14.0;317.9;6225.4;297.5;80.1
4616;Uesslingen-Buch;2022;59.7;22.6;0.1;9.2;37.6;192.7;2810.3;242.5;186.5
4401;Arbon;2022;332.8;14.7;0.4;5.0;5.7;119.9;-763.9;-55.5;92.6
4656;Güttingen;2022;723.1;12.6;-0.1;7.6;2.3;103.4;-272.4;-21.1;311.5
4601;Neunforn;2022;43.6;11.1;0.1;1.0;22.4;41.1;-2963.5;-268.8;180.8
4751;Rickenbach;2022;48.6;10.9;0.0;6.8;19.5;69.8;306.8;36.8;102.1
4441;Salmsach;2022;100.0;24.1;-0.1;24.1;0.0;73.4;-1106.6;-53.6;117.8
4781;Wängi;2022;234.4;28.2;0.0;7.8;15.1;78.3;-457.8;-45.2;89.1
4891;Berg;2022;35.0;6.0;-0.1;3.1;16.0;63.5;-1362.6;-151.6;166.6
4723;Braunau;2022;35.0;3.2;-0.2;2.8;8.8;43.9;-3785.0;-416.6;69.7
4545;Diessenhofen;2022;24.2;1.0;0.2;3.8;6.3;71.7;-14.9;-1.5;81.3
4426;Kesswil;2022;27.8;4.9;-0.2;1.9;21.2;82.2;-1377.1;-85.0;147.8
4741;Lommis;2022;244.2;15.7;-0.2;5.0;12.4;52.4;-760.0;-77.3;175.5
4436;Romanshorn;2022;168.2;17.0;0.7;6.6;11.6;154.5;-666.9;-42.8;80.9
4611;Thundorf;2022;487.0;6.4;1.0;8.1;17.0;119.9;1378.0;133.0;154.6
4951;Wigoltingen;2022;375.8;17.6;0.1;7.9;5.6;95.9;2064.0;169.8;158.8
4643;Bottighofen;2022;13.3;1.7;-0.5;9.3;11.6;86.2;-1787.4;-112.4;342.1
4921;Bussnang;2022;10.6;1.9;0.2;4.7;13.9;64.1;113.1;12.4;129.5
4476;Erlen;2022;-3.2;-1.0;-0.1;3.0;23.4;69.2;299.1;38.9;117.3
4846;Raperswilen;2022;778.9;34.9;1.4;3.9;6.5;119.4;-700.8;-50.4;371.4
4851;Salenstein;2022;263.2;21.4;0.5;3.5;15.3;49.7;-2594.0;-61.6;160.0
4786;Wilen;2022;66.2;5.5;0.7;9.0;10.2;104.8;894.5;108.4;134.0
4801;Berlingen;2022;91.8;11.5;-0.1;4.2;17.7;69.0;-1468.7;-52.5;123.7
4911;Bürglen;2022;100.0;20.5;0.4;11.2;8.5;116.6;620.6;58.0;109.5
4726;Fischingen;2022;413.1;36.0;0.1;7.9;15.8;51.7;-1168.5;-97.5;135.8
4566;Frauenfeld;2022;23.3;5.4;0.5;4.3;22.2;141.2;-1463.2;-92.0;175.3
4651;Gottlieben;2022;111.6;5.4;0.0;1.9;5.0;112.3;-4957.0;-288.9;311.7
4486;Hauptwil-Gottshaus;2022;22.9;2.4;0.0;3.6;10.0;68.9;-702.6;-72.2;165.5
4816;Homburg;2022;271.1;15.6;0.0;8.2;7.9;66.0;-2889.6;-232.4;320.5
4831;Müllheim;2022;164.6;16.3;0.1;6.2;14.1;68.9;-1201.6;-115.4;80.8
4746;Münchwilen;2022;177.0;13.8;-0.1;10.7;11.5;107.5;95.6;7.9;80.0
4864;Steckborn;2022;250.1;16.4;0.9;6.7;9.4;157.6;946.8;61.8;133.9
4791;Wuppenau;2022;3186.7;11.0;-0.1;-0.1;0.4;32.5;-2786.9;-243.0;96.5
4476;Erlen;2021;135.1;22.8;0.0;2.3;22.5;87.6;-301.6;-29.8;95.0
4726;Fischingen;2021;187.1;23.6;0.0;5.4;17.3;69.3;-374.7;-30.7;133.5
4501;Kradolf-Schönenberg;2021;387.7;14.8;0.2;6.0;9.3;78.3;687.0;64.9;68.3
4746;Münchwilen;2021;231.9;15.3;0.0;11.5;8.3;106.4;159.6;12.8;76.4
4441;Salmsach;2021;100.0;20.5;0.1;4.7;0.0;112.2;-315.6;-16.5;133.1
4606;Stettfurt;2021;241.8;48.5;0.7;9.6;27.4;81.0;1618.1;117.6;234.5
4786;Wilen;2021;116.8;10.5;0.7;9.8;9.4;92.4;619.7;77.8;144.4
4721;Bichelsee-Balterswil;2021;51.7;6.0;0.5;9.3;13.1;129.3;63.4;7.5;82.4
4921;Bussnang;2021;836.8;32.0;0.1;3.8;4.9;49.5;-436.4;-37.1;105.1
4416;Hefenhofen;2021;49.5;11.0;0.1;6.5;21.4;95.5;-379.1;-26.2;102.7
4546;Schlatt;2021;91.3;7.3;0.0;2.2;8.0;45.9;-1635.5;-171.6;180.7
4951;Wigoltingen;2021;201.8;11.8;0.1;9.4;6.3;131.6;2289.4;191.8;130.7
4461;Amriswil;2021;283.1;14.0;1.3;6.4;9.2;249.9;2261.4;192.7;81.0
4891;Berg;2021;8.9;2.2;-0.1;2.6;21.4;48.7;-1551.4;-176.3;172.1
4643;Bottighofen;2021;358.2;25.2;-0.3;8.3;8.6;85.5;-2132.5;-128.6;357.3
4566;Frauenfeld;2021;36.5;4.5;0.2;5.1;13.4;82.5;-2043.6;-127.6;173.1
4486;Hauptwil-Gottshaus;2021;32.0;3.3;-0.2;3.3;9.9;54.0;-1006.1;-103.1;165.4
4436;Romanshorn;2021;248.7;21.7;0.4;5.7;9.9;136.6;-394.3;-26.9;68.2
4776;Tobel-Tägerschen;2021;50.7;2.2;0.9;7.4;7.5;307.0;6087.0;275.7;64.7
4871;Wagenhausen;2021;78.2;12.5;2.3;10.3;16.6;148.1;-1583.8;-157.3;218.5
4406;Dozwil;2021;32.2;5.5;-0.1;-0.1;17.2;131.5;-4961.1;-578.4;266.8
4811;Herdern;2021;399.4;25.7;0.9;4.3;21.1;115.0;-784.5;-60.7;141.5
4741;Lommis;2021;77.8;20.6;0.0;4.2;38.0;66.1;-478.5;-39.2;134.1
4941;Märstetten;2021;69.6;2.1;-0.1;7.1;15.7;129.2;141.5;12.0;104.4
4591;Matzingen;2021;112.8;8.2;0.3;7.7;7.5;141.4;-217.9;-19.5;129.1
4851;Salenstein;2021;100.0;20.4;0.5;3.4;5.6;44.9;-2543.6;-62.2;141.4
4864;Steckborn;2021;338.5;19.4;0.8;6.3;7.4;180.7;1147.4;76.8;122.8
4506;Sulgen;2021;247.4;16.3;0.7;6.1;8.1;73.9;-684.6;-74.9;93.3
4946;Weinfelden;2021;103.7;11.7;0.0;5.5;13.0;76.9;-548.5;-37.2;50.9
4881;Amlikon-Bissegg;2021;343.5;22.4;0.5;8.2;7.7;125.2;1633.6;110.7;138.2
4536;Basadingen-Schlattingen;2021;250.7;19.8;-0.2;4.0;14.9;92.8;229.0;21.4;205.3
4716;Bettwiesen;2021;139.1;19.0;0.1;4.0;14.4;57.9;408.6;31.3;43.4
4911;Bürglen;2021;54.2;24.2;0.5;11.0;39.3;112.4;806.6;64.6;79.2
4724;Eschlikon;2021;76.8;18.8;0.2;9.7;25.5;95.9;687.1;61.4;145.3
4656;Güttingen;2021;1327.6;19.3;-0.1;6.6;5.1;103.6;-311.5;-21.7;259.5
4831;Müllheim;2021;70.1;12.9;0.0;6.4;18.0;66.7;-1181.3;-121.2;87.2
4841;Pfyn;2021;567.0;19.6;0.1;7.0;4.8;57.7;146.3;11.5;79.0
4611;Thundorf;2021;17.9;5.1;0.9;8.2;23.3;130.2;1860.9;186.1;165.1
4646;Ermatingen;2021;148.2;27.4;-0.1;4.8;19.6;100.9;1216.7;78.6;110.6
4651;Gottlieben;2021;77.8;14.7;0.0;1.5;19.4;77.6;-4978.0;-279.4;302.5
4816;Homburg;2021;115.4;16.4;0.1;7.9;14.5;58.9;-2952.9;-241.6;301.6
4426;Kesswil;2021;429.5;4.4;0.0;2.2;7.0;91.4;-1999.2;-145.7;165.3
4671;Kreuzlingen;2021;45.4;12.7;0.0;6.4;25.0;59.8;-1456.6;-87.0;163.2
4431;Roggwil;2021;392.3;14.8;-0.1;5.1;6.4;86.4;-863.3;-73.8;149.8
4761;Sirnach;2021;239.5;9.4;-0.1;2.0;11.7;44.1;-1185.9;-37.3;61.2
4446;Sommeri;2021;100.0;-1.1;0.0;0.8;0.0;70.0;-866.2;-98.3;173.5
4701;Wäldi;2021;315.9;6.9;-0.3;1.4;2.4;107.8;41.9;3.3;199.7
4621;Warth-Weiningen;2021;194.9;9.6;0.1;4.2;5.1;40.8;-4353.0;-197.6;138.4
4711;Affeltrangen;2021;731.3;8.0;0.2;7.9;7.6;75.2;-458.4;-51.5;63.6
4723;Braunau;2021;8.6;0.8;-0.2;2.7;8.7;43.3;-4312.9;-468.5;71.7
4666;Kemmental;2021;76.3;10.5;0.2;5.2;22.6;179.2;3651.0;308.9;196.9
4691;Münsterlingen;2021;244.6;16.6;-0.1;7.1;9.7;111.5;-1020.8;-102.5;304.0
4756;Schönholzerswilen;2021;100.0;5.7;0.1;2.9;0.0;95.3;514.7;55.2;203.5
4696;Tägerwilen;2021;107.1;20.0;-0.1;6.3;19.8;96.5;61.4;5.9;208.5
4616;Uesslingen-Buch;2021;48.5;10.6;-0.3;10.6;29.0;177.4;1676.0;142.6;160.3
4551;Aadorf;2021;272.6;17.0;0.7;9.2;8.1;199.5;1763.6;158.2;85.1
4641;Altnau;2021;931.6;27.9;0.9;12.9;5.3;75.2;-1006.2;-68.9;87.6
4901;Birwinken;2021;63.4;10.1;0.0;9.2;15.1;35.2;-137.6;-12.7;137.0
4471;Bischofszell;2021;80.2;16.5;0.4;12.1;21.4;120.7;-348.5;-27.6;52.5
4806;Eschenz;2021;6108.8;16.5;0.3;3.1;0.3;43.0;-3091.2;-283.6;217.5
4495;Hohentannen;2021;141.4;7.9;-0.4;1.8;5.9;121.8;1191.2;102.7;242.9
4590;Hüttlingen;2021;809.2;28.2;1.0;15.8;7.0;256.2;6631.1;637.8;208.9
4683;Lengwil;2021;21.3;5.4;-0.1;1.9;21.7;76.7;-811.2;-79.3;144.8
4826;Mammern;2021;43.7;3.7;0.7;2.0;13.6;92.0;810.2;28.2;55.7
4846;Raperswilen;2021;352.8;25.6;1.2;3.3;8.8;109.6;-714.9;-49.0;295.4
4781;Wängi;2021;203.3;14.0;0.0;9.9;8.5;78.8;-63.2;-6.1;76.7
4511;Zihlschlacht-Sitterdorf;2021;100.0;13.0;0.0;7.7;2.9;84.4;650.9;55.8;46.7
4401;Arbon;2021;207.4;10.2;0.3;5.2;4.7;134.4;-403.0;-29.0;74.2
4801;Berlingen;2021;1263.6;22.1;0.2;4.3;2.9;58.7;-2040.0;-67.0;113.0
4545;Diessenhofen;2021;28.3;2.8;0.2;4.9;9.4;63.5;-233.6;-22.4;67.5
4411;Egnach;2021;234.4;23.0;0.0;6.8;13.7;208.4;3107.4;246.2;137.9
4561;Felben-Wellhausen;2021;2016.7;21.1;0.3;3.4;2.8;39.6;-3335.2;-291.6;153.8
4571;Gachnang;2021;61.3;8.0;-0.1;6.1;13.0;55.8;-1248.1;-128.4;261.0
4421;Horn;2021;1078.9;13.1;0.1;11.1;19.9;206.4;1669.3;147.7;59.6
4821;Hüttwilen;2021;146.8;2.8;0.5;8.7;2.0;45.5;-765.2;-71.5;156.8
4681;Langrickenbach;2021;61.7;14.4;0.5;7.3;21.4;102.9;240.1;21.3;98.7
4601;Neunforn;2021;93.4;23.2;0.3;0.8;25.1;45.5;-3121.4;-250.7;156.5
4751;Rickenbach;2021;83.8;15.8;0.0;6.4;21.9;57.8;-37.2;-4.3;100.8
4451;Uttwil;2021;51.0;8.6;-0.1;1.2;15.9;46.3;-3261.2;-235.1;88.2
4791;Wuppenau;2021;2690.0;20.1;-0.1;1.8;0.9;39.8;-2908.6;-232.2;84.4
4643;Bottighofen;2020;288.6;25.5;0.0;9.8;11.6;117.1;-1628.0;-93.8;339.1
4476;Erlen;2020;2290.8;19.7;0.1;2.5;26.8;90.5;-186.8;-19.5;100.7
4421;Horn;2020;1523.3;11.2;0.6;10.5;11.5;197.4;1798.3;146.3;50.2
4821;Hüttwilen;2020;75.4;7.0;0.0;7.2;9.4;45.1;-504.6;-46.8;154.2
4426;Kesswil;2020;215.9;10.2;-0.4;1.8;11.0;80.5;-2087.1;-135.4;152.8
4741;Lommis;2020;162.9;17.6;-0.1;3.9;12.4;45.5;-1191.2;-108.3;139.1
4691;Münsterlingen;2020;74.7;11.7;0.3;7.7;15.2;118.8;-1177.1;-118.0;266.7
4851;Salenstein;2020;30.4;1.1;0.6;4.3;8.6;63.7;-1785.9;-57.2;163.8
4871;Wagenhausen;2020;27495.5;25.5;2.3;11.1;4.3;149.1;-1993.8;-198.4;213.5
4721;Bichelsee-Balterswil;2020;243.2;10.5;0.9;7.4;10.7;135.0;-73.8;-8.5;90.2
4406;Dozwil;2020;60.0;19.6;-0.1;-0.1;44.1;131.4;-4879.0;-530.9;238.0
4724;Eschlikon;2020;108.3;21.6;0.2;11.6;26.8;97.9;753.5;66.3;131.7
4726;Fischingen;2020;183.7;27.8;0.0;5.4;23.5;75.0;-116.0;-10.0;137.2
4816;Homburg;2020;151.3;22.7;0.0;8.2;16.3;49.6;-3217.5;-264.9;291.6
4826;Mammern;2020;-42.7;-2.4;0.8;2.2;9.1;88.5;-283.0;-11.3;64.0
4941;Märstetten;2020;63.9;11.2;-0.1;7.0;17.0;93.3;-44.8;-3.7;114.6
4831;Müllheim;2020;209.3;20.9;0.1;5.8;20.8;78.0;-1207.2;-115.2;85.9
4776;Tobel-Tägerschen;2020;106.4;5.9;2.4;9.2;9.8;288.5;5745.1;268.5;49.5
4791;Wuppenau;2020;1394.1;10.2;-0.1;2.1;0.8;23.4;-2648.9;-223.8;85.0
4881;Amlikon-Bissegg;2020;605.8;20.0;0.6;8.9;4.6;148.7;2152.6;153.9;73.9
4401;Arbon;2020;614.1;20.6;0.3;5.1;6.1;108.4;-212.8;-14.9;59.7
4801;Berlingen;2020;135.7;14.0;0.3;4.8;13.8;58.0;-2156.5;-75.4;95.4
4716;Bettwiesen;2020;108.0;13.0;0.2;4.4;12.3;64.4;158.8;13.5;37.3
4723;Braunau;2020;-6949.7;-8.7;-0.3;2.3;0.1;37.8;-4135.9;-468.4;70.7
4911;Bürglen;2020;221.1;23.9;0.4;13.7;15.2;114.3;261.4;20.8;58.0
4561;Felben-Wellhausen;2020;48.8;14.0;0.0;3.2;25.1;39.1;-3034.5;-264.8;130.1
4656;Güttingen;2020;190.9;21.9;-0.1;6.6;12.9;111.4;-470.2;-32.6;252.3
4486;Hauptwil-Gottshaus;2020;54.8;10.3;-0.1;2.5;17.9;57.2;-1215.9;-123.0;164.2
4841;Pfyn;2020;647.8;22.5;0.1;7.8;4.4;63.0;359.4;29.0;74.3
4756;Schönholzerswilen;2020;616.6;27.5;0.1;2.9;6.9;95.3;403.1;40.7;190.5
4446;Sommeri;2020;100.0;4.0;-0.1;0.9;1.7;108.0;-724.3;-81.3;159.5
4506;Sulgen;2020;119.9;8.1;0.6;5.0;8.8;75.9;-396.9;-40.3;88.2
4451;Uttwil;2020;388.1;12.5;0.0;1.3;3.6;39.8;-3219.9;-230.2;82.2
4951;Wigoltingen;2020;157.9;22.4;0.1;9.3;16.3;129.4;2396.1;209.8;132.8
4461;Amriswil;2020;37.9;8.2;1.2;6.1;24.0;251.0;2610.8;242.7;69.8
4536;Basadingen-Schlattingen;2020;188.2;15.6;-0.2;3.7;19.4;92.5;371.3;35.9;184.5
4471;Bischofszell;2020;305.4;16.3;0.4;12.0;6.0;121.3;-388.5;-31.3;53.3
4545;Diessenhofen;2020;173.5;7.5;0.3;6.1;5.1;65.9;-316.3;-33.0;62.7
4416;Hefenhofen;2020;111.9;8.0;-0.1;6.7;7.8;84.8;-621.4;-46.6;93.3
4811;Herdern;2020;1727.9;16.2;0.8;4.0;1.2;106.9;-1466.3;-100.6;124.5
4671;Kreuzlingen;2020;70.0;9.9;0.2;6.9;13.7;48.1;-1914.5;-116.7;150.8
4864;Steckborn;2020;271.9;19.9;1.1;6.3;9.2;169.9;1568.9;103.2;107.6
4606;Stettfurt;2020;236.1;15.4;1.2;13.3;6.8;87.7;2108.2;156.4;152.2
4701;Wäldi;2020;570.6;2.9;-0.2;1.0;0.6;109.9;-137.2;-10.2;178.1
4621;Warth-Weiningen;2020;187.1;12.7;-0.1;5.7;7.3;25.2;-4913.7;-264.9;172.4
4891;Berg;2020;20.5;3.2;-0.2;2.0;20.7;61.2;-1955.9;-223.1;172.5
4651;Gottlieben;2020;113.7;21.5;0.0;1.3;20.2;71.8;-5593.7;-292.8;211.1
4495;Hohentannen;2020;128.9;11.1;0.4;2.7;9.1;100.3;85.8;6.4;200.9
4683;Lengwil;2020;112.5;12.1;-0.1;1.1;11.1;69.2;-872.5;-78.0;131.5
4846;Raperswilen;2020;26.0;9.6;1.5;4.4;28.6;127.0;-126.5;-9.9;244.6
4751;Rickenbach;2020;61.0;9.8;0.0;6.4;14.6;59.2;-263.6;-30.8;103.3
4441;Salmsach;2020;100.0;21.2;-0.3;4.3;0.0;152.5;293.2;14.9;115.5
4546;Schlatt;2020;78.9;17.8;-0.1;2.1;21.7;43.6;-1820.4;-180.0;107.6
4611;Thundorf;2020;102.3;5.1;0.9;8.3;5.0;125.5;1583.7;155.2;167.3
4616;Uesslingen-Buch;2020;153.6;15.1;0.0;9.8;12.0;156.9;1397.4;124.0;174.8
4781;Wängi;2020;59.1;17.8;-0.1;10.5;30.4;92.8;176.3;17.2;73.1
4511;Zihlschlacht-Sitterdorf;2020;2.9;0.0;-0.1;7.9;2.5;103.3;952.0;90.5;48.0
4711;Affeltrangen;2020;67.7;13.8;0.2;8.1;19.5;79.2;-484.2;-56.0;61.7
4501;Kradolf-Schönenberg;2020;326.6;16.4;0.2;6.0;5.6;77.4;899.5;81.0;64.3
4601;Neunforn;2020;48.5;1.0;0.2;0.5;2.1;40.8;-3014.8;-284.0;172.2
4431;Roggwil;2020;100.0;19.9;0.0;4.7;0.0;76.2;-630.2;-47.6;119.4
4436;Romanshorn;2020;-148.1;-8.7;0.6;5.9;6.4;144.9;-88.7;-5.9;38.9
4641;Altnau;2020;160.0;15.3;1.3;13.6;18.7;75.2;-229.9;-16.4;85.3
4411;Egnach;2020;249.4;35.2;0.2;7.3;20.9;195.1;3474.3;282.5;113.4
4571;Gachnang;2020;53.5;10.9;-0.1;6.3;20.4;61.2;-1219.6;-128.3;264.0
4681;Langrickenbach;2020;246.0;30.1;0.6;7.4;15.0;109.7;137.2;12.2;100.5
4761;Sirnach;2020;280.9;14.4;-0.1;2.1;18.4;46.7;-888.4;-28.7;62.9
4551;Aadorf;2020;116.7;15.2;1.0;12.0;14.8;207.3;1988.6;176.4;74.4
4901;Birwinken;2020;66.3;10.4;0.0;8.5;14.9;40.0;-226.2;-21.3;138.1
4646;Ermatingen;2020;45.1;19.8;0.0;5.5;36.2;131.3;1337.9;94.2;85.2
4566;Frauenfeld;2020;95.9;8.7;0.1;4.5;10.4;75.3;-2288.4;-149.4;185.4
4590;Hüttlingen;2020;21.4;17.5;2.1;20.7;51.4;308.8;7224.6;734.7;189.9
4666;Kemmental;2020;42.1;13.8;0.2;4.8;32.0;165.9;3538.1;279.0;164.8
4746;Münchwilen;2020;348.3;24.0;0.1;10.6;16.2;96.8;233.8;18.8;68.2
4946;Weinfelden;2020;78.8;9.6;0.0;5.8;12.2;73.5;-534.1;-35.0;44.5
4921;Bussnang;2020;132.1;16.8;0.1;4.9;12.2;53.3;-662.9;-55.8;106.6
4806;Eschenz;2020;100.0;19.4;0.3;4.3;0.2;54.7;-2896.0;-267.3;198.9
4591;Matzingen;2020;147.6;23.4;0.2;6.2;17.3;152.3;-143.3;-12.6;126.5
4696;Tägerwilen;2020;310.2;29.6;-0.1;7.6;14.9;83.4;-123.8;-13.0;201.4
4786;Wilen;2020;183.2;9.4;0.8;10.5;5.6;96.1;545.6;66.8;134.6
4471;Bischofszell;2019;132.1;19.5;0.4;11.2;16.3;97.4;-129.5;-9.7;44.7
4921;Bussnang;2019;43.9;2.4;0.2;4.7;4.8;54.6;-541.2;-51.1;120.0
4545;Diessenhofen;2019;116.4;4.8;0.5;6.2;6.3;68.3;-285.7;-28.5;58.5
4406;Dozwil;2019;23.8;3.0;-0.1;-0.1;13.0;53.8;-4335.8;-485.5;240.6
4656;Güttingen;2019;220.2;19.5;-0.4;6.4;26.9;112.1;-309.7;-22.2;237.5
4416;Hefenhofen;2019;313.4;8.5;0.0;7.4;2.9;83.4;-680.7;-51.6;99.5
4501;Kradolf-Schönenberg;2019;135.1;15.6;0.2;6.1;16.6;86.2;1026.1;94.2;61.5
4546;Schlatt;2019;488.6;17.9;0.0;2.2;5.2;39.7;-2263.6;-228.5;103.5
4696;Tägerwilen;2019;35.8;13.2;-0.2;7.2;29.9;97.8;135.4;13.5;140.2
4781;Wängi;2019;72.6;9.2;0.0;8.4;13.5;69.0;-86.1;-8.4;64.4
4401;Arbon;2019;598.8;21.8;0.4;4.7;5.4;112.6;318.3;21.3;36.0
4901;Birwinken;2019;99.6;9.0;0.0;8.2;9.1;36.5;-382.0;-35.6;132.4
4643;Bottighofen;2019;108.4;11.2;-0.2;10.5;11.6;112.6;-896.6;-51.9;329.1
4724;Eschlikon;2019;47.7;17.9;0.4;8.4;33.0;106.4;935.5;81.1;116.7
4811;Herdern;2019;514.3;22.4;0.9;3.8;20.2;123.5;-458.2;-32.3;128.4
4761;Sirnach;2019;61.3;9.1;-0.1;1.6;31.0;59.9;-421.8;-13.8;59.0
4701;Wäldi;2019;103.2;7.9;-0.3;1.2;7.6;103.6;-690.7;-60.2;189.4
4711;Affeltrangen;2019;70.9;10.8;0.3;8.7;18.3;82.5;-503.2;-59.5;57.8
4911;Bürglen;2019;290.4;17.9;0.5;13.0;9.0;114.8;588.2;46.5;43.6
4411;Egnach;2019;8.2;6.5;0.2;5.5;47.7;248.8;4274.8;345.6;57.3
4671;Kreuzlingen;2019;95.2;12.0;0.1;5.7;12.8;40.7;-2049.3;-121.0;136.1
4681;Langrickenbach;2019;20.8;7.2;0.7;6.5;29.0;118.1;685.4;62.4;105.4
4741;Lommis;2019;366.7;25.8;0.0;3.7;9.3;46.4;-1469.6;-119.2;117.3
4601;Neunforn;2019;147.2;12.3;0.1;5.5;11.1;53.3;-2764.2;-205.4;130.4
4776;Tobel-Tägerschen;2019;93.5;7.1;1.6;7.9;14.4;167.0;2976.5;138.2;51.4
4426;Kesswil;2019;826.3;8.5;0.0;2.3;6.5;77.1;-2016.2;-158.3;170.2
4683;Lengwil;2019;165.8;23.5;-0.1;0.9;16.0;83.4;-1089.5;-93.0;124.4
4846;Raperswilen;2019;19.8;12.3;0.2;3.8;44.8;98.0;-604.3;-44.3;221.4
4451;Uttwil;2019;-8.4;-2.4;-0.1;1.3;25.3;38.1;-3202.7;-242.6;88.3
4786;Wilen;2019;296.2;20.4;0.7;10.5;8.9;77.1;613.6;59.3;105.5
4461;Amriswil;2019;50.3;11.7;1.1;5.0;27.3;243.9;2547.7;214.6;58.8
4536;Basadingen-Schlattingen;2019;262.2;15.5;-0.1;3.3;6.6;88.4;407.2;38.2;117.9
4721;Bichelsee-Balterswil;2019;80.8;12.0;0.8;7.1;16.9;129.0;-2.9;-0.3;83.4
4806;Eschenz;2019;88.9;13.8;-0.1;3.4;16.1;29.4;-2464.8;-257.7;201.3
4566;Frauenfeld;2019;92.9;8.8;0.2;4.5;12.3;80.9;-2315.2;-141.4;169.6
4486;Hauptwil-Gottshaus;2019;65.1;11.3;0.2;2.1;21.1;67.4;-1577.1;-155.7;148.2
4590;Hüttlingen;2019;5.9;7.7;1.6;12.3;60.0;246.6;5649.4;615.2;201.5
4821;Hüttwilen;2019;31.5;11.0;0.2;6.8;33.9;47.7;-379.2;-32.8;143.3
4831;Müllheim;2019;91.2;16.1;0.0;5.3;17.6;72.3;-1125.1;-106.6;84.6
4691;Münsterlingen;2019;517.5;49.4;0.2;4.4;16.0;67.2;-1327.0;-118.8;233.1
4431;Roggwil;2019;100.0;21.5;0.2;5.2;0.0;107.2;-364.2;-26.9;97.3
4851;Salenstein;2019;-267.3;-2.6;1.2;4.6;1.9;42.6;-2187.7;-67.6;164.8
4723;Braunau;2019;20.1;4.0;-0.5;1.8;17.5;39.9;-4338.0;-446.1;84.6
4561;Felben-Wellhausen;2019;725.0;12.3;0.2;3.4;1.9;39.5;-2794.4;-244.5;113.2
4651;Gottlieben;2019;319.1;19.7;0.0;0.0;7.8;72.0;-6015.8;-391.6;226.8
4421;Horn;2019;198.0;16.5;1.4;10.7;25.3;196.8;1865.8;148.1;49.6
4746;Münchwilen;2019;325.5;20.3;0.3;10.8;8.9;111.8;557.1;45.8;61.8
4841;Pfyn;2019;19.0;19.8;0.1;6.8;57.1;87.1;1096.4;90.9;68.7
4436;Romanshorn;2019;152.9;8.5;0.6;5.6;5.9;132.7;-520.7;-34.1;42.8
4756;Schönholzerswilen;2019;146.5;16.1;0.1;3.0;14.3;94.3;707.0;77.3;138.3
4606;Stettfurt;2019;39.0;18.4;1.2;15.0;38.0;90.7;2275.9;167.7;143.6
4616;Uesslingen-Buch;2019;98.2;22.1;0.4;10.0;25.3;152.1;1411.4;121.5;163.4
4791;Wuppenau;2019;783.0;11.1;0.0;2.5;1.6;26.9;-2774.4;-255.1;87.7
4641;Altnau;2019;140.1;27.9;1.2;12.8;23.2;77.7;-65.8;-4.6;82.1
4716;Bettwiesen;2019;409.6;18.9;0.4;4.0;5.5;80.8;-221.3;-17.5;13.2
4646;Ermatingen;2019;40.6;16.1;0.1;5.2;34.9;90.7;714.9;53.5;69.9
4495;Hohentannen;2019;458.1;31.6;-0.6;0.4;9.4;86.2;416.9;33.5;210.3
4666;Kemmental;2019;49.8;9.3;0.3;5.2;16.9;166.1;2686.1;227.4;131.3
4441;Salmsach;2019;292.5;18.1;-0.1;4.6;6.9;139.7;1084.5;54.0;98.5
4446;Sommeri;2019;-135.3;-10.7;-0.8;0.1;7.0;93.5;-771.9;-99.5;185.9
4864;Steckborn;2019;86.6;15.5;1.2;5.1;18.8;150.9;1866.7;131.7;104.5
4506;Sulgen;2019;151.8;6.0;0.7;5.6;6.3;79.1;-312.3;-32.1;90.0
4621;Warth-Weiningen;2019;674.1;15.2;-0.1;5.2;4.8;73.1;-4804.6;-270.6;174.5
4946;Weinfelden;2019;377.5;12.6;0.0;7.0;5.3;79.4;-567.1;-37.4;44.6
4951;Wigoltingen;2019;148.3;24.6;0.1;8.3;18.6;154.3;2506.6;206.7;110.0
4881;Amlikon-Bissegg;2019;337.5;15.5;0.7;9.4;5.1;166.1;2675.8;200.2;55.3
4726;Fischingen;2019;84.8;16.3;0.0;5.3;23.6;84.4;79.0;6.7;96.7
4816;Homburg;2019;77.6;9.4;0.0;7.6;11.8;40.1;-3001.4;-260.8;283.8
4826;Mammern;2019;917.3;5.3;0.7;1.9;1.2;78.7;-717.1;-24.5;60.5
4511;Zihlschlacht-Sitterdorf;2019;-35.7;-4.0;0.1;8.0;10.9;103.4;885.0;92.3;68.7
4551;Aadorf;2019;110.7;15.0;1.2;11.5;14.3;168.8;2004.9;173.2;73.8
4891;Berg;2019;131.5;14.9;-0.2;1.3;11.9;45.1;-2220.7;-227.3;152.6
4801;Berlingen;2019;1510.9;5.3;0.2;4.3;0.5;67.5;-1264.1;-46.7;88.6
4476;Erlen;2019;167.5;26.2;-0.1;3.6;25.4;118.7;215.9;20.5;81.1
4571;Gachnang;2019;196.4;16.5;-0.1;5.9;15.4;63.8;-1195.6;-118.3;242.7
4941;Märstetten;2019;99.5;26.5;0.1;10.7;32.3;69.3;-93.5;-6.8;98.1
4591;Matzingen;2019;22.1;10.5;0.3;7.1;35.0;135.4;-59.3;-5.4;101.2
4751;Rickenbach;2019;1097.0;10.6;0.0;6.8;1.0;47.2;-405.7;-47.6;91.1
4611;Thundorf;2019;-28.5;-7.3;0.9;8.6;27.2;136.9;1378.3;150.3;197.3
4871;Wagenhausen;2019;231.1;7.8;1.7;11.4;10.1;107.3;-1803.1;-197.3;213.6
